Item,Familia,Year,Production_t,Production_t,AreaHarvested_ha,Yield_hg_ha,Production_lag1,Production_lag2,Production_lag3,Production_ma3,Production_ma5,Production_yoy_growth_pct,Production_trend_slope5,Production_vol_std5,Production_vol_cv5
Areca nuts,Oleaginosas y frutos secos,2024,2331981.73,2331981.73,1321441.0,1764.7,2276039.09,2565720.85,2474711.3,2438823.7466666666,2254430.292,2.4578945170928623,143661.9429999998,326438.51631199586,0.1447986737360588
Dates,Frutas,2024,9946598.04,9946598.04,1379351.0,7211.1,9968278.21,9201136.7,9784676.73,9651363.88,9506493.602,-0.2174916223571354,139485.44999999958,356871.86801671947,0.0375397999470214
Cashewapple,Frutas,2024,1386191.33,1386191.33,516231.0,2685.2,1360750.69,1311238.18,1320111.63,1330700.1666666665,1318591.086,1.8696033143293933,13918.16099999989,25558.647494117024,0.0193833006801602
Sesame seed,Oleaginosas y frutos secos,2024,6681657.0,6681657.0,11719864.0,570.1,6361013.79,5496885.63,6225473.35,6027790.923333333,6335767.932,5.040756404334101,-239965.3290000012,557882.1228157957,0.0880528025652748
Plantains and cooking bananas,Frutas,2024,44586698.84,44586698.84,7227942.0,6168.7,43583979.28,42999895.26,42439644.79,43007839.77666666,42315772.048,2.300660877149729,792384.0639999924,1524537.54523708,0.036027643392817
Currants,Frutas,2024,706319.98,706319.98,142538.0,4955.3,759127.67,762119.64,733107.6,751451.6366666667,718377.652,-6.956364796978098,29459.60699999993,48876.44434886452,0.0680372561880092
"Pistachios, in shell",Oleaginosas y frutos secos,2024,1380320.8,1380320.8,1089880.0,1266.5,1295119.92,1024011.54,1213116.55,1177416.0033333332,1108229.096,6.578609338353791,71984.11499999996,160354.6177987991,0.1446944664939559
Linseed,Oleaginosas y frutos secos,2024,3008783.58,3008783.58,3175392.0,947.5,2742793.47,3919181.92,3336783.5,3332919.6300000004,3289193.208,9.697781218649324,-10905.896000000454,434624.7092795005,0.1321371782668172
Lemons and limes,Frutas,2024,23201004.91,23201004.91,1453721.0,15959.7,23934483.68,21973682.34,21368835.06,22425667.026666667,21363184.208,-3.064527231113434,1085000.0129999986,1750971.5902121442,0.0819621070138246
"Mangoes, guavas and mangosteens",Frutas,2024,62211834.5,62211834.5,6336544.0,9817.9,60560867.97,59729945.83,57282563.69,59191125.830000006,58019562.59199999,2.726127589217908,1197979.6319999958,2007352.8707389997,0.0345978628769563
"Cassava, fresh",Raices y tuberculos,2024,341905934.31,341905934.31,33565467.0,10186.2,339520621.35,333094245.91,324670166.65,332428344.6366667,322367224.91,0.7025531911774685,9290486.228,14862769.318944952,0.0461050881431709
Cucumbers and gherkins,Hortalizas,2024,87844031.91,87844031.91,2286120.0,38424.9,87408921.85,87983315.53,87845539.91,87745925.76333332,88003589.96800001,0.4977867828488858,-367278.7690000079,1009577.2794808046,0.011472001083682
Buckwheat,Cereales,2024,1970230.16,1970230.16,1965809.0,1002.2,2149866.8,2245725.1,1866599.86,2087397.2533333327,1958214.884,-8.355710223535706,129269.70699999992,227031.3218426529,0.1159379002262005
Green corn (maize),Cereales,2024,9456499.31,9456499.31,1074457.0,8801.2,9892144.98,9584347.7,9737555.6,9738016.093333334,9886015.492,-4.403955571625684,-80901.32800000148,252245.0630153129,0.0255153416681812
Kiwi fruit,Frutas,2024,4417537.5,4417537.5,271550.0,16267.9,4277468.2,4421157.08,4351048.75,4349891.343333333,4355658.94,3.2745842505620404,-11038.206000000584,51619.016226290085,0.0118510234472789
Unmanufactured tobacco,Estimulantes y especias,2024,6048229.88,6048229.88,3293702.0,1836.3,5993406.8,5695629.42,5842988.15,5844008.123333332,5966698.436,0.914723158788422,-111834.37000000029,316329.3782305034,0.0530158146290642
Maize (corn),Cereales,2024,1218205573.82,1218205573.82,209954361.0,5802.2,1238582560.84,1160145773.39,1203326824.78,1200685053.003333,1178970549.182,-1.6451860105458294,20566246.518999796,41039535.61525739,0.0348096359520869
Leeks and other alliaceous vegetables,Hortalizas,2024,2134827.59,2134827.59,127594.0,16731.4,2153277.02,2112984.88,2242983.1,2169748.333333333,2160394.488,-0.8568070818867568,-2398.340000000039,48867.68710701741,0.0226197980870877
Strawberries,Frutas,2024,10728811.41,10728811.41,436067.0,24603.6,10751586.3,10274276.7,9809171.69,10278344.896666666,9808921.448,-0.2118281839025071,443885.89099999954,724216.7523569016,0.0738324550967391
"Tangerines, mandarins, clementines",Frutas,2024,51917893.39,51917893.39,3908230.0,13284.2,52833869.75,52167707.62,50608450.41,51870009.25999999,49936213.07,-1.7336915965728616,1676528.4469999964,2768509.9275924987,0.055440926682038
Tea leaves,Estimulantes y especias,2024,32728930.55,32728930.55,5536957.0,5911.0,31398474.02,30533778.06,30573470.41,30835240.83,29899918.754,4.237328633081128,851613.6719999962,1409998.306515433,0.047157262135597
"Other stimulant, spice and aromatic crops, n.e.c.",Estimulantes y especias,2024,3312623.04,3312623.04,1474358.0,2246.8,3238249.01,3172151.13,3139352.95,3183251.03,3123752.634,2.29673597584148,68166.98199999951,131253.10888024585,0.0420177665323565
Gooseberries,Frutas,2024,95648.79,95648.79,20153.0,4746.1,97817.8,95405.18,90831.48,94684.82,89725.436,-2.217398060475706,4583.877999999988,7333.837877679087,0.0817364418009524
Sour cherries,Frutas,2024,1484452.81,1484452.81,218140.0,6805.1,1519462.26,1596157.43,1521139.7,1545586.4633333331,1505770.332,-2.3040684143086243,33368.95699999986,67874.91062816985,0.045076536033232
"Pepper (Piper spp.), raw",Estimulantes y especias,2024,933415.66,933415.66,857754.0,1088.2,905455.38,915492.94,961000.56,927316.2933333332,915337.52,3.087979884773562,2923.134999999916,26831.871334454703,0.0293136364982118
Lettuce and chicory,Hortalizas,2024,28227362.53,28227362.53,1288383.0,21909.1,28338660.64,28297480.64,28241904.25,28292681.843333334,27968455.862,-0.3927430142654731,267613.491999999,457371.5741146146,0.0163531221162636
Spinach,Hortalizas,2024,30717390.61,30717390.61,935777.0,32825.5,34106186.88,33191359.8,32426437.83,33241328.17,32216618.778,-9.936016248087842,994350.6469999972,1577888.0194384984,0.048977455713509
"Edible roots and tubers with high starch or inulin content, n.e.c., fresh",Raices y tuberculos,2024,9789996.42,9789996.42,688425.0,14220.9,9529700.65,8917584.32,8582111.98,9009798.983333332,8791748.05,2.731416017773869,277004.7759999994,471250.9168741709,0.0536015038413402
"Peas, green",Hortalizas,2024,21732165.76,21732165.76,2671241.0,8135.6,21847376.16,21361485.85,21174654.89,21461172.3,21126086.29,-0.5273420439884879,349729.4069999964,565083.4556851735,0.0267481372521258
Grapes,Frutas,2024,75904986.97,75904986.97,6725858.0,11285.5,75440038.0,78892152.92,77729647.69,77353946.20333333,77224373.602,0.6163159276245223,-145155.54500001227,1258169.9987809423,0.0162923950055628
Pineapples,Frutas,2024,29372685.19,29372685.19,1056112.0,27812.1,29792966.25,29662837.95,28928202.24,29461335.48,28766104.498000003,-1.4106720911013615,596329.9029999983,1010777.0406220636,0.0351377796285325
Rye,Cereales,2024,11598599.4,11598599.4,3660442.0,3168.6,12695185.1,13483020.09,13480050.67,13219418.62,13711588.696,-8.637807888283566,-342167.56900000083,1055078.87528348,0.0769479670573309
Cranberries,Frutas,2024,621495.65,621495.65,23926.0,25976.2,535666.72,578782.91,470074.34,528174.6566666667,524784.47,16.022822922432066,9079.03399999998,38984.86157195192,0.0742873766290224
Artichokes,Hortalizas,2024,1732463.4,1732463.4,116063.0,14927.0,1755627.76,1586916.68,1663643.98,1668729.4733333334,1591695.474,-1.3194345935837792,63853.07999999973,123212.3785663488,0.0774095174479014
Plums and sloes,Frutas,2024,12692006.53,12692006.53,2634098.0,4818.4,12617937.34,12742067.89,12549338.97,12636448.066666668,12635515.94,0.5870150406056762,-1147.4180000005736,92537.57523322632,0.007323608760627
Kola nuts,Estimulantes y especias,2024,317142.83,317142.83,546758.0,580.0,316554.79,313556.47,311415.16,313842.14,312331.10399999993,0.1857624710085881,1715.2349999999751,2800.856866502657,0.0089675886603425
"Peas, dry",Legumbres,2024,14157952.07,14157952.07,7358769.0,1924.0,13753817.21,14216607.43,12491997.21,13487473.95,13844195.45,2.938346888209087,-107043.70300000063,834181.4333989156,0.0602549593012944
Bananas,Frutas,2024,139413684.55,139413684.55,5881722.0,23702.9,136676238.84,134842115.39,132285903.09,134601419.10666665,130588941.82,2.0028687745824003,3638448.4349999847,5867251.390932404,0.0449291594614469
Cabbages,Hortalizas,2024,75483818.78,75483818.78,2468867.0,30574.3,74973261.92,75094287.18,74592822.71,74886790.60333334,74589070.326,0.6809852565102359,325744.9640000003,638647.124757188,0.008562207867264
Quinces,Frutas,2024,695474.15,695474.15,74317.0,9358.2,697986.91,702380.93,703713.43,701360.4233333333,692904.85,-0.3600010206495141,7800.732999999925,18572.487116772016,0.0268038059147255
"Beans, dry",Legumbres,2024,30277329.95,30277329.95,33700797.0,898.4,29727498.2,30057766.37,29308756.96,29698007.176666666,29124724.146,1.849572898132412,588144.137999997,1167498.5012305034,0.0400861651213561
Papayas,Frutas,2024,14654817.67,14654817.67,467823.0,31325.6,14258268.62,13933057.52,14107822.56,14099716.233333334,14138295.904000005,2.781186556155668,-15423.469000001203,127095.28538305796,0.0089894345291712
"Almonds, in shell",Oleaginosas y frutos secos,2024,3951576.08,3951576.08,2400263.0,1646.3,3543261.24,3635552.63,4030657.0,3736490.290000001,3791093.134,11.523701255513409,-60017.92100000032,288326.07339296845,0.0760535452973043
Barley,Cereales,2024,141996861.28,141996861.28,44045907.0,3223.8,142711447.07,152984970.97,143924169.64,146540195.89333335,152045968.12,-0.5007207232994304,-4118612.025000027,8571372.931693858,0.0563735627960159
"Other tropical fruits, n.e.c.",Frutas,2024,23912858.02,23912858.02,3428655.0,6974.4,24116671.79,23586543.66,23478032.57,23727082.673333336,23261534.414,-0.8451156601323007,438895.2819999993,705854.766210088,0.0303442908643751
"Hazelnuts, in shell",Oleaginosas y frutos secos,2024,1212125.58,1212125.58,1108901.0,1093.1,1116541.47,1197233.94,1079217.0,1130997.47,1117318.9,8.560730843252973,11475.768999999866,49865.79928454032,0.0446298718159518
"Nutmeg, mace, cardamoms, raw",Estimulantes y especias,2024,197198.64,197198.64,580575.0,339.7,218248.95,202328.78,176499.26,199025.66333333333,178516.38400000002,-9.645091076039536,19881.067999999985,31873.29015416235,0.1785454614303768
"Jute, raw or retted",Fibras,2024,3702184.27,3702184.27,1452672.0,2548.5,3648465.81,3559893.47,3489426.9,3565928.7266666666,3572893.9960000003,1.4723575003160017,17198.397999999586,73422.14891488543,0.0205497697376649
Sweet potatoes,Raices y tuberculos,2024,90930337.83,90930337.83,7215012.0,12602.9,89943292.66,90026874.82,92120147.24,90696771.57333334,90668846.598,1.0974083122920364,-104604.79700001435,1089286.659794384,0.0120139022460931
"Chillies and peppers, dry (Capsicum spp., Pimenta spp.), raw",Hortalizas,2024,5456841.55,5456841.55,1883412.0,2897.3,5301129.5,4450595.68,4724628.06,4825451.079999999,4557983.986,2.937337222190095,264086.941,479662.5248307014,0.105235675751385
"Chillies and peppers, green (Capsicum spp. and Pimenta spp.)",Hortalizas,2024,44772071.76,44772071.76,2814089.0,15910.0,44435432.35,43998814.71,42400770.1,43611672.38666666,42769849.720000006,0.757592291098752,878421.6909999963,1413305.115063802,0.0330444255548298
Blueberries,Frutas,2024,1392533.61,1392533.61,197605.0,7047.1,1209653.7,1307937.4,1204038.78,1240543.2933333332,1160933.466,15.11836900097938,60407.98799999991,116582.0717613504,0.1004209760297756
Oats,Cereales,2024,22432282.2,22432282.2,8535538.0,2628.1,18511880.72,25503091.16,22408265.08,22141078.986666664,23122060.866,21.177758971644888,-982360.745000002,2993895.529494421,0.1294822095160564
"Other vegetables, fresh n.e.c.",Hortalizas,2024,281490042.42,281490042.42,19442486.0,14478.1,281081708.27,279081558.32,282930414.63,281031227.0733333,277390443.142,0.1452724022894536,2625607.211999974,5198604.534937228,0.0187411090160593
Hop cones,Estimulantes y especias,2024,158405.29,158405.29,95805.0,1653.4,164478.82,147757.22,177507.54,163247.86000000002,167488.636,-3.692590936632445,-4526.053999999998,12042.196373065784,0.0718985876335262
"Cashew nuts, in shell",Oleaginosas y frutos secos,2024,4241103.77,4241103.77,6940174.0,611.1,4319280.71,4020956.52,3948894.69,4096377.306666666,3897075.11,-1.8099527502115187,197015.10899999968,315073.4027068097,0.0808486862104153
"Other beans, green",Hortalizas,2024,25931333.18,25931333.18,1645170.0,15762.1,25859721.92,25783503.72,25662299.07,25768508.23666667,25636861.712,0.2769220033437936,130162.17899999792,210424.6248035913,0.0082078932736566
Sorghum,Cereales,2024,64264990.5,64264990.5,44258346.0,1452.0,57288007.08,57207629.37,61424281.99,58639972.81333333,58413887.52,12.178785361230982,-131145.9320000082,1908221.17789804,0.0326672518969858
Mustard seed,Oleaginosas y frutos secos,2024,862023.6,862023.6,876991.0,982.9,923960.52,852225.92,687146.01,821110.8166666668,760989.224,-6.703416288825848,70218.77899999992,119394.91746115524,0.1568943602559544
"Pyrethrum, dried flowers",Estimulantes y especias,2024,7295.02,7295.02,18353.0,397.5,9280.64,5691.5,6063.91,7012.016666666666,6733.418,-21.3952917040204,468.84499999999866,1511.1858771077384,0.2244307240554111
"Cinnamon and cinnamon-tree flowers, raw",Estimulantes y especias,2024,244815.39,244815.39,374052.0,654.5,240516.33,236960.43,242122.09,239866.28333333333,230809.58,1.7874295687116293,6041.636999999972,13217.682420465942,0.0572666109459838
Quinoa,Cereales,2024,165892.7,165892.7,182584.0,908.6,114529.07,159832.0,157864.17,144075.08,153732.114,44.84767928352164,-10859.861000000006,22986.280382291778,0.1495216567586638
Apricots,Frutas,2024,4598078.78,4598078.78,655313.0,7016.6,3990426.67,3964884.21,3687225.09,3880845.3233333337,3900183.774,15.227747813744452,-1503.7230000001175,172743.30394133265,0.0442910677934974
Pomelos and grapefruits,Frutas,2024,9866779.72,9866779.72,395158.0,24969.2,9960506.04,9732727.2,9700090.27,9797774.503333332,9685334.566,-0.9409795006760312,112416.79399999924,184331.2788236927,0.0190319991082993
Rice,Cereales,2024,820223277.89,820223277.89,172414425.0,4757.3,804744456.37,778637858.25,791062868.84,791481727.82,780227627.404,1.9234455605722456,10634564.66399992,18890145.93588502,0.0242110702984678
Cherries,Frutas,2024,3105401.25,3105401.25,473732.0,6555.2,3009952.07,2794173.34,2750410.48,2851511.963333333,2762536.582,3.1711195985921536,91889.64699999963,156615.66984800177,0.056692704403797
Potatoes,Raices y tuberculos,2024,390428972.92,390428972.92,17075832.0,22864.4,386749497.79,375911086.45,376201273.29,379620619.1766667,375787954.002,0.9513845915833264,4061267.258999953,6890670.010383583,0.0183365909870195
Poppy seed,Oleaginosas y frutos secos,2024,10592.01,10592.01,18231.0,581.0,10461.93,14938.84,23736.44,16379.06999999999,20467.08,1.2433652299336684,-4731.267999999998,7735.946070265196,0.3779701877485795
"Coconuts, in shell",Oleaginosas y frutos secos,2024,65543721.0,65543721.0,11208376.0,5847.7,64974429.8,63715316.36,64152854.14,64280866.76666667,63677494.74600001,0.8761772927478706,425448.9779999924,1218017.6974169065,0.0191279148508495
Millet,Cereales,2024,30852616.28,30852616.28,30664916.0,1006.1,30623797.35,31158751.18,28377307.64,30053285.39,30774879.244,0.7471931954905031,-217694.0900000028,1598126.1850487047,0.0519295680213036
Triticale,Cereales,2024,12403875.27,12403875.27,3273825.0,3788.8,13476805.82,14080375.84,14182573.94,13913251.866666667,14233033.408000002,-7.961311933483072,-244746.462,692878.0036339897,0.0486809792243262
"Cloves (whole stems), raw",Estimulantes y especias,2024,198941.01,198941.01,704178.0,282.5,184040.05,186581.58,184963.88,185195.17,187769.046,8.09658549864556,-1603.7120000000114,4693.652268189694,0.0249969436825582
"Broad beans and horse beans, dry",Legumbres,2024,6258986.39,6258986.39,2775558.0,2255.0,6307967.56,6177489.38,6209264.06,6231573.666666667,5951414.592,-0.7764968594733856,238074.55899999896,407228.4071138724,0.0684254811723713
"Onions and shallots, green",Hortalizas,2024,5576778.38,5576778.38,250443.0,22267.7,5332556.54,5021117.32,5266228.85,5206634.236666666,5137869.142,4.579826546011634,70287.9579999995,172105.45326106972,0.0334974380437557
Karite nuts (sheanuts),Oleaginosas y frutos secos,2024,830410.47,830410.47,681914.0,1217.8,878209.11,862954.9,829750.48,856971.4966666666,857426.148,-5.442740169251947,1448.7169999999835,27827.105156820493,0.0324542296986497
Pears,Frutas,2024,27638954.63,27638954.63,1359356.0,20332.4,26530374.02,26347744.4,25647258.31,26175125.576666664,25558388.970000003,4.178533665466966,586369.4659999985,940677.9649296908,0.0368050570806259
Peaches and nectarines,Frutas,2024,27891645.96,27891645.96,1563824.0,17835.5,27177691.91,26531831.91,25230755.88,26313426.566666663,25636157.064,2.6269855893733984,684959.4079999964,1169358.5137743473,0.0456136429050217
Green garlic,Hortalizas,2024,29690764.0,29690764.0,1675941.0,17715.9,29738921.26,29740395.36,29499171.99,29659496.203333333,29301117.944,-0.1619334460015387,306353.4229999976,509603.5022058307,0.0173919474055488
Sugar beet,Cultivos azucareros,2024,293624598.05,293624598.05,4654093.0,63089.5,283107258.98,260004005.25,269005730.42,270705664.8833333,268659407.83000004,3.7149662314886154,1430772.4289999646,13794039.772448163,0.0513439670096222
Oranges,Frutas,2024,67244550.08,67244550.08,3380998.0,19889.0,69254941.47,68061740.03,68173905.02,68496862.17333333,68534578.066,-2.902885118848686,99192.92499999226,488383.2788277369,0.0071260857308761
"Vanilla, raw",Estimulantes y especias,2024,7114.54,7114.54,93227.0,76.3,7193.55,7110.23,7675.17,7326.316666666668,7222.616,-1.098345045214122,37.45099999999962,264.08240982695776,0.0365632632036588
Cauliflowers and broccoli,Hortalizas,2024,26860065.69,26860065.69,1426499.0,18829.4,26568340.23,26547287.15,26309337.63,26474988.33666667,26303370.214,1.0980191365909775,149990.26499999734,258143.95817724345,0.009814101998224
"Coffee, green",Estimulantes y especias,2024,11284877.41,11284877.41,12477571.0,904.4,11092848.71,10987768.86,10571717.9,10884111.823333332,10890493.824,1.731103569697923,81193.8299999988,308872.7183947449,0.0283616816084193
Olives,Oleaginosas y frutos secos,2024,25551898.88,25551898.88,11066175.0,2309.0,19767829.18,21556646.4,23628117.77,21650864.45,22094587.342,29.26001457889975,-604755.9790000026,1698754.8143987386,0.0768855642381491
Apples,Frutas,2024,97880076.32,97880076.32,4685316.0,20890.8,97431609.58,95594342.32,93718173.69,95581375.19666667,92960443.666,0.4602887522162646,2498425.651999989,3988219.911963872,0.0429023330212714
Cocoa beans,Oleaginosas y frutos secos,2024,5233245.33,5233245.33,11009545.0,475.3,5123485.83,5622905.92,5771232.95,5505874.899999999,5544289.772,2.1422817129173266,-85402.1620000005,252386.0759631214,0.0455218046570603
Sunflower seed,Oleaginosas y frutos secos,2024,52216783.45,52216783.45,28728506.0,1817.6,58277251.53,53274287.73,57473718.92,56341752.72666667,55089756.074,-10.399371831871973,701273.5959999922,3406892.901400675,0.0618425846145392
Maté leaves,Estimulantes y especias,2024,1997335.0,1997335.0,358673.0,5568.7,1669961.0,1659258.0,1481330.43,1603516.4766666666,1553920.2859999998,19.603691343690063,55481.4999999998,101201.24357854364,0.0651264060906555
"Other fruits, n.e.c.",Frutas,2024,39218330.28,39218330.28,5054959.0,7758.4,38022718.02,37941821.5,36633454.56,37532664.693333335,36781793.45600001,3.144468155514568,766171.9979999963,1251624.9605684371,0.0340283831473765
Canary seed,Cereales,2024,296051.96,296051.96,264917.0,1117.5,198981.39,246206.28,223611.36,222933.01000000004,247688.464,48.78374304250261,-19147.272000000023,40064.48381903776,0.1617535317229702
"Other oil seeds, n.e.c.",Oleaginosas y frutos secos,2024,2423144.95,2423144.95,2674696.0,906.0,2401173.89,2294675.7,2280747.56,2325532.3833333333,2322228.244,0.9150132812746792,7094.243999999935,70341.833223104,0.0302906630323044
"Ginger, raw",Estimulantes y especias,2024,4887376.46,4887376.46,437652.0,11167.3,4788904.67,5090031.02,4811607.06,4896847.583333333,4620157.586,2.0562486995590934,213071.50399999943,400830.8188019511,0.0867569582510667
"Bambara beans, dry",Legumbres,2024,238007.07,238007.07,343842.0,692.2,256348.96,273795.4,232118.61,254087.65666666665,253311.43,-7.155047557048788,4328.375999999959,17541.542900594613,0.0692489198003999
Avocados,Frutas,2024,11226085.72,11226085.72,1004582.0,11174.9,10672979.81,9581224.51,8838169.27,9697457.863333331,8931007.328,5.182300724318534,806805.7130000002,1282533.766749109,0.1436046035622633
Tomatoes,Hortalizas,2024,188498383.94,188498383.94,5120872.0,36809.8,185476454.21,181277702.51,186256521.45,184336892.72333333,183860918.728,1.629279437582154,324819.1819999891,2028651.9069112104,0.0110336221582377
"Walnuts, in shell",Oleaginosas y frutos secos,2024,4349163.36,4349163.36,1399757.0,3107.1,4257140.11,4002276.27,3812524.44,4023980.273333333,3848205.312,2.1616213613415702,192646.48199999964,310146.36942617706,0.0805950681630827
"Anise, badian, coriander, cumin, caraway, fennel and juniper berries, raw",Estimulantes y especias,2024,2672330.3,2672330.3,2564863.0,1041.9,2250152.1,1941852.81,2414901.64,2202302.1833333336,2170024.114,18.76220723034676,25528.51099999972,215909.62143010515,0.0994964157481731
Vetches,Legumbres,2024,654724.39,654724.39,339463.0,1928.7,672663.75,645934.59,619627.77,646075.37,669676.706,-2.666913446725794,-12016.606000000076,37460.35136160004,0.0559379638353436
Mixed grain,Cereales,2024,1623490.1,1623490.1,516369.0,3144.1,1772711.65,2221575.69,3313487.15,2435924.83,2756238.434,-8.41770008111583,-412645.4150000005,723297.3519645169,0.2624219091651041
Rape or colza seed,Oleaginosas y frutos secos,2024,87850643.33,87850643.33,42863229.0,2049.6,91613064.63,89103806.86,73931035.13,84882635.54,80257201.034,-4.106861084928648,5391376.223999996,9330910.308708835,0.1162625931192879
"Pumpkins, squash and gourds",Hortalizas,2024,34584404.71,34584404.71,2247919.0,15385.1,32983572.89,31877244.56,31793551.38,32218122.94333333,31571633.144,4.853421505725786,667590.860999995,1098757.5957731437,0.0348020512832405
Mushrooms and truffles,Hortalizas,2024,51595327.3,51595327.3,,,49821478.67,48014568.43,44190975.66,47342340.92,45342873.534,3.5604094405734976,2125122.779999996,3438520.3635855517,0.0758337550223234
"Chick peas, dry",Legumbres,2024,16880268.44,16880268.44,14123241.0,1195.2,16050290.51,17819508.56,15991786.28,16620528.449999996,15955042.376000002,5.171108457400764,571110.1399999984,1260418.1515333506,0.0789981074214697
Asparagus,Hortalizas,2024,8909741.75,8909741.75,1569410.0,5677.1,8894295.84,8892225.69,8839042.68,8875188.069999998,8812449.208,0.1736608527291849,58968.281999998886,99557.16391413887,0.0112973319407912
"Other fibre crops, raw, n.e.c.",Fibras,2024,659966.83,659966.83,529302.0,1246.9,655035.61,639172.75,670329.73,654846.0299999999,634597.7019999999,0.7528170873030815,27292.46999999995,100928.82063376516,0.1590437852448529
"Lentils, dry",Legumbres,2024,7887380.07,7887380.07,6422085.0,1228.2,6785216.78,7491243.11,5755446.43,6677302.106666666,6551107.63,16.243597304786483,234003.7759999996,690672.6800079396,0.1054283823463818
Eggplants (aubergines),Hortalizas,2024,57540107.87,57540107.87,1961377.0,29336.6,57269972.57,57483577.92,57079894.9,57277815.13,57008096.808000006,0.4716874967415352,182710.27599999504,480874.5979506042,0.0084351982415789
Carrots and turnips,Hortalizas,2024,45149159.53,45149159.53,1267440.0,35622.3,44297247.25,44730316.82,44217150.48,44414904.85,43905169.904,1.9231720544440776,366543.34599999606,743998.8025185453,0.0169455853182056
"Chestnuts, in shell",Oleaginosas y frutos secos,2024,2098054.98,2098054.98,548617.0,3824.3,2095810.63,2088735.28,2095637.92,2093394.61,2094059.58,0.1070874423420686,2061.9999999997312,18232.72833518309,0.0087068813654208
"Onions and shallots, dry (excluding dehydrated)",Hortalizas,2024,108260011.29,108260011.29,5719714.0,18927.5,111359413.65,111842449.52,108033891.3,110411918.15666668,107446180.366,-2.7832423487262115,2782063.140999992,4601898.345555165,0.0428297993458628
Cantaloupes and other melons,Frutas,2024,28249767.66,28249767.66,1042681.0,27093.4,28303648.77,28631367.88,28463651.7,28466222.78333333,28051713.204,-0.1903680703426169,309922.9759999984,588980.7091522996,0.0209962473546291
"Peppermint, spearmint",Estimulantes y especias,2024,32648.73,32648.73,1710.0,19097.5,35532.27,50608.04,37965.65,41368.65333333333,49339.72,-8.115270991692892,-7511.056000000004,15330.23240491313,0.310707730098856
Persimmons,Frutas,2024,5033619.39,5033619.39,1216373.0,4138.2,5004157.85,4974494.37,4693369.97,4890674.063333333,4699965.786,0.5887412204633069,183267.0819999999,295116.9753335536,0.0627913029096151
Soya beans,Oleaginosas y frutos secos,2024,397671688.56,397671688.56,143175353.0,2777.5,370876094.01,355756517.03,373108914.37,366580508.47,358282259.74,7.224945199427579,7152044.010999956,15491470.44883548,0.043238173333163
"Other nuts (excluding wild edible nuts and groundnuts), in shell, n.e.c.",Oleaginosas y frutos secos,2024,1090112.55,1090112.55,959129.0,1136.6,1106262.58,1103892.54,1098434.47,1102863.1966666663,1089460.91,-1.45987311619995,12840.60099999994,23368.012404640205,0.0214491517686854
Fonio,Cereales,2024,688231.98,688231.98,974592.0,706.2,690180.21,659326.34,665418.32,671641.6233333333,662295.3699999999,-0.2822784501456454,10793.438999999964,19565.02568077672,0.0295412387992033
Figs,Frutas,2024,1336540.71,1336540.71,301486.0,4433.2,1313170.97,1280213.86,1312269.3,1301884.71,1324657.4260000002,1.779641839021151,-13221.882000000149,43107.750855073726,0.0325425653523447
"Abaca, manila hemp, raw",Fibras,2024,108560.75,108560.75,166345.0,652.6,107128.96,108074.9,102405.99,105869.95,108312.83,1.336510687679593,-1467.901000000013,4047.772278086936,0.037371124714283
Wheat,Cereales,2024,798481711.07,798481711.07,219518805.0,3637.4,794567417.02,807987812.25,783124200.41,795226476.56,784423901.484,0.4926320871148304,10003897.950999953,18026186.03711858,0.0229801590734499
Natural rubber in primary forms,Otros / industriales,2024,14829085.3,14829085.3,13222162.0,1121.5,14631998.01,14652711.66,14687911.71,14657540.46,14533183.407999998,1.3469608857608062,77493.8419999977,185957.11510065012,0.0127953463381111
Watermelons,Frutas,2024,104959426.09,104959426.09,3053191.0,34377.0,104408251.34,103180925.05,102702687.85,103430621.41333334,103365638.66,0.5279034395520465,327297.7829999965,989021.644270152,0.0095681858796745
